{
  "version": 1,
  "nodes": {
    "g014": {
      "x": 1063.5997366651582,
      "y": -603.7415736740949
    },
    "g076": {
      "x": 110.51394033970641,
      "y": 1654.4135878907089
    },
    "g078": {
      "x": -43.32195063454458,
      "y": 1780.1709790183324
    },
    "g079": {
      "x": -422.41711045471095,
      "y": 1670.6736912573836
    },
    "g075": {
      "x": -1168.5753099572632,
      "y": 683.028566783293
    },
    "g072": {
      "x": -825.6965970366673,
      "y": 1136.584217881704
    },
    "g073": {
      "x": -1094.2072352295977,
      "y": 1061.4241010677788
    },
    "g019": {
      "x": -1524.102539767558,
      "y": 375.72718520671503
    },
    "g102": {
      "x": -887.4014313407243,
      "y": -1032.6793151910933
    },
    "g108": {
      "x": -1274.9361060570445,
      "y": -1361.9623545686547
    },
    "g068": {
      "x": -1373.6390277558858,
      "y": -1543.3750168180736
    },
    "g067": {
      "x": -1066.5005158143695,
      "y": -1510.496159947486
    },
    "g107": {
      "x": -1349.211795009387,
      "y": -1137.894550968893
    },
    "g101": {
      "x": -1053.5685625436074,
      "y": -1219.815547870432
    },
    "g071": {
      "x": -846.2988373526664,
      "y": -452.9579550634156
    },
    "g081": {
      "x": -748.9664287501389,
      "y": -73.00305842236816
    },
    "g080": {
      "x": -1006.129080084809,
      "y": -334.81067968642355
    },
    "g082": {
      "x": -1136.4476417346928,
      "y": -95.31246883086911
    },
    "g069": {
      "x": -1072.8838358281505,
      "y": 86.53479002091359
    },
    "g106": {
      "x": -1781.903911481816,
      "y": -1136.09020185274
    },
    "g104": {
      "x": -1944.7281701137629,
      "y": -957.8781160742292
    },
    "g105": {
      "x": -1627.4123692154392,
      "y": -1033.1629234735294
    },
    "g103": {
      "x": -1743.308531012211,
      "y": -895.1704592995286
    },
    "g091": {
      "x": -410.6089802713477,
      "y": -1310.4160259468586
    },
    "g085": {
      "x": 89.27005660720778,
      "y": -740.0491558665974
    },
    "g129": {
      "x": -146.7324926103911,
      "y": -866.4646443032722
    },
    "g130": {
      "x": -669.7087103152828,
      "y": -1136.6588820047523
    },
    "g131": {
      "x": -713.4544315675214,
      "y": -1362.682178706391
    },
    "g092": {
      "x": -645.8474240863454,
      "y": -1496.6663725025771
    },
    "g088": {
      "x": 406.3814159121205,
      "y": -1340.3190073879146
    },
    "g093": {
      "x": -380.4927832864666,
      "y": -1624.5872845401734
    },
    "g086": {
      "x": -135.29081499148165,
      "y": -1371.952925369118
    },
    "g083": {
      "x": 9.249867002708186,
      "y": -1225.8129073045568
    },
    "g064": {
      "x": 187.63295148055454,
      "y": -424.08270392516613
    },
    "g054": {
      "x": 464.4485530300398,
      "y": -186.1955423868514
    },
    "g132": {
      "x": -536.026473207982,
      "y": 1418.8778627947997
    },
    "g119": {
      "x": 1001.6914353982115,
      "y": 984.0792573293322
    },
    "g049": {
      "x": 673.5155350344791,
      "y": 1756.5646047596213
    },
    "g037": {
      "x": 1119.504602126755,
      "y": 1193.401599287405
    },
    "g022": {
      "x": 376.492841363975,
      "y": 1110.2961943319133
    },
    "g041": {
      "x": 791.6355755642079,
      "y": 1068.0514374500895
    },
    "g038": {
      "x": 1024.1114862265663,
      "y": 1515.3073360600215
    },
    "g052": {
      "x": 1044.6006778825335,
      "y": -51.279302819980146
    },
    "g062": {
      "x": -189.62341506371342,
      "y": -391.0097968100026
    },
    "g059": {
      "x": 867.8796837049101,
      "y": 403.2103472807135
    },
    "g027": {
      "x": -868.1096162679114,
      "y": 594.2028629682975
    },
    "g026": {
      "x": -529.2830596280535,
      "y": 977.9661367033151
    },
    "g006": {
      "x": -158.2993796647195,
      "y": 918.0820389387292
    },
    "g025": {
      "x": -291.9691988507309,
      "y": 587.7418133655269
    },
    "g048": {
      "x": -493.25278222480875,
      "y": 518.6344454650903
    },
    "g047": {
      "x": -649.4840813862174,
      "y": 378.39691028404616
    },
    "g007": {
      "x": 77.43843115504325,
      "y": 593.1895219856387
    },
    "g056": {
      "x": 739.5993566720963,
      "y": 291.28033129713253
    },
    "g124": {
      "x": 733.9061110116289,
      "y": -307.8209587514615
    },
    "g122": {
      "x": 571.5259362168897,
      "y": 539.3172578595604
    },
    "g051": {
      "x": 599.2642638514922,
      "y": 327.0334234308495
    },
    "g066": {
      "x": 101.68467989602433,
      "y": 32.38836439783421
    },
    "g065": {
      "x": -289.211790398316,
      "y": -110.49872968313787
    },
    "g061": {
      "x": -43.8140656164412,
      "y": -274.75837254149127
    },
    "g063": {
      "x": 198.03205079637183,
      "y": -133.88923553226692
    },
    "g114": {
      "x": -449.137039785232,
      "y": 725.8396800093172
    },
    "g030": {
      "x": -640.7119383745711,
      "y": 1205.2868930650784
    },
    "g126": {
      "x": -801.5137597173295,
      "y": 1312.0056835355422
    },
    "g127": {
      "x": -1377.9881519680296,
      "y": 842.3642290642096
    },
    "g074": {
      "x": -1303.6777786776183,
      "y": 970.2625155853253
    },
    "g013": {
      "x": 1564.2952283915758,
      "y": -447.8006609267254
    },
    "g100": {
      "x": 989.2163720387845,
      "y": -1496.9756685538318
    },
    "g090": {
      "x": 1309.208454415049,
      "y": -1576.89639926753
    },
    "g099": {
      "x": 1353.6687038179725,
      "y": -1838.855666184727
    },
    "g089": {
      "x": 1208.0577257427492,
      "y": -1589.351053615039
    },
    "g098": {
      "x": 1149.9373255964663,
      "y": -1894.0885652717207
    },
    "g018": {
      "x": -1840.0591196611542,
      "y": 305.629435568054
    },
    "g023": {
      "x": -1461.8375433199594,
      "y": -224.53623336042426
    }
  },
  "viewport": {
    "x": -473.0360223912985,
    "y": 241.299398004644,
    "k": 0.5
  },
  "meta": {
    "exportedAt": "2026-02-18T09:55:14.217Z",
    "nodeCount": 73
  }
}
